tweet,airlines,airlines_predicted
"United worst airline ever! Staff is nasty, wifi down bags are delayed due to weather?? And now the belt is broken. Selling UAL stock in AM",['United Airlines'],"['United Airlines', 'UAL']"
@AmericanAir yes but you did manage to lose two of our bags. Horrendous airline.,['American Airlines'],['American Airlines']
"Virgin America mood lighting on pointüôå Reclining my seat, kickin up my feetüí§",['Virgin America'],['Virgin America']
@USAirways Your exchange/credit policies are worthless and shadier than the White House. Dissatisfied to the nines right now.,['US Airways'],['US Airways']
Southwest Air in my 30 years of flying I have never been so pissed off.  To many incidents for just one flight.,['Southwest Airlines'],['Southwest Airlines']
American Air Any reason why my 1463 flight to Chicago is boarding and I still don't have a seat assignment? Seriously?,['American Airlines'],['American Airlines']
USAirways had to Cancelled Flight 4 of my flights because my versace biceps wouldn't stow completely under the seat in front of me.,['US Airways'],['US Airways']
"AmericanAir You found my lost luggage, won't bring it to me until tomorrow. Next day if the weather isn't nicer. Terrible service",['American Airlines'],['American Airlines']
American Airlines #AmericanAirlines says most bags left in Miami have been returned following mechanical glitch &gt;&gt; http://t.co/Ib8kyjBCJM,['American Airlines'],['American Airlines']
"@united in the process of purchasing ticket, when prices changed. unbelievable. #RipOffs #PriceDiscrimination",['United Airlines'],['United Airlines']
JetBlue Airways flight from DCA to BOS has no heat #OhNo #BundleUp #Leastthebeverageswillbecold,['JetBlue Airways'],['JetBlue Airways']
United Airlines allowing passengers on my flight to block exit of plane,['United Airlines'],['United Airlines']
United Airlines what's a good number to call to speak with someone about how you can fix what you did to 50 people and their luggage on Saturday?,['United Airlines'],['United Airlines']
"American Air I am running out of battery you have my chargers,clothes,coat,contact lenses, need to be in mtg tom need help #pathetic service",['American Airlines'],['American Airlines']
US Airways I ask for reimbursement maybe miles added to my account for my inconvenience and for the money that I had to spend,['US Airways'],['US Airways']
JetBlue Airways Are there really no flights from the Bay Area to Chicago anymore? Lame. So lame.,['JetBlue Airways'],['JetBlue Airways']
"&lt;3 &lt;3 RT @SouthwestAir! @danihampton Sorry to hear about the WiFi connection, Dani. Please DM us your conf # so we can help you. Thanks!",['Southwest Airlines'],['Southwest Airlines']
"@SouthwestAir extremely frustrating travel experience in Denver! Instead of landing in SEA on Saturday, now it's Monday afternoon!",['Southwest Airlines'],['Southwest Airlines']
"@SouthwestAir ""Will my luggage be on that flight?"" ""No"" ""Y not"" ""bc ur on that flight n it won't end up where ur goin http://t.co/6Zj6L2ZTua",['Southwest Airlines'],['Southwest Airlines']
SouthwestAir went to purchase a flight that I began processing not even 4 minutes earlier and the points had gone up - any help?,['Southwest Airlines'],['Southwest Airlines']
@AmericanAir @Rizzilient I booked tickets using miles and need to change the dates.  Have been trying to get to an advantage rep 4 two days,['American Airlines'],['American Airlines']
"@united 3586 from IAD to BUF.  Incredibly loud, and like a third world 70s inner city metro bus.  #lowstandards http://t.co/m67WnBglXQ",['United Airlines'],['United Airlines']
"@united Additionally, my husband paid for tv service &amp; it stopped working about halfway through the flight.",['United Airlines'],['United Airlines']
United trying to book flight w/miles. Was on hold for 50m before I gave up. Need to get 6 on same flight using two diff # and pay 4 1tix,['United Airlines'],['United Airlines']
Jet Blue Jan 5? That's not summer http://t.co/TpzhjX7Hbt,['JetBlue Airways'],['JetBlue']
US Air did a pre schooler develop your app? The thing crashes every single time.,['US Airways'],['US Airways']
United Airlines compensate us for new clothes bet you won't,['United Airlines'],['United Airlines']
@united and pick it up and just bring it on the shuttle. When I went to double check on that they said it was still on the concourse,['United Airlines'],['United Airlines']
USAirways trying to use chairman upgrade cert for flt 740 on 2/26/14 but being told not an option with 10 open seats? How? Thanks,['US Airways'],['US Airways']
@USAirways I booked a flight yesterday but didnt receive an email confirmation and I my dividends number isn't registering. Please help.,['US Airways'],['US Airways']
@united now 1558 from IAH to EWR has broken entertainment system and no WiFi despite info on app: http://t.co/FY6f9rZB9k,['United Airlines'],['United Airlines']
Southwest Air nbd I was able to figure out a workaround. Just wanted to help. Got my bags less than 24 hours Late Flightr. Muchas grassy ass.,['Southwest Airlines'],['Southwest Airlines']
"United #1007 Houston-Bogota with an engine problem, mechanics trying to ""fix"" the problem, safety first, better to change the plane",['United Airlines'],['United Airlines']
United Air Please consider letting flyers with no overhead bin items board/deplane first (after first class). Make sense?,['United Airlines'],['United Airlines']
"JetBlue yes of course, before I left the airport. I kept looking but claim is still open.",['JetBlue Airways'],['JetBlue']
AmericanAir @cnnbrk they didn't address the assult or drinks spilled on her  the drunk passenger had to have a wheelchair to get off plane,['American Airlines'],['American Airlines']
AmericanAir Why not sell MCE during post door-close shuffle in same way u sell drinks/snacks? People on my flight self-upgraded w/o paying.,['American Airlines'],['American Airlines']
United u guys did it again changed ages and double booked seats so I had to I've even though I have platinum and the other person none,['United Airlines'],['United Airlines']
American Air most disgusting chicken entree I've ever seen.  Your standards have seriously nosedived. #NewAmerican http://t.co/56eSsfOOwt,['American Airlines'],['American Airlines']
Southwest Airlines waited 34 mins for baggage MDW&gt;MEM and the in-flight service was suspended so no drink üòï,['Southwest Airlines'],['Southwest Airlines']
United Airlines Why was I forced to check my rollaboard on UA 715? Plenty of room in the overhead next to my seat. http://t.co/5xvNnmLTiW,['United Airlines'],['United Airlines']
JetBlue Airways flight 577  fll to sfo. No speed line even though I paid for it. No coffee on flight. and my non stop now has an unscheduled stop,['JetBlue Airways'],['JetBlue Airways']
American Air my flt is at 7a tom. I have now rec'd notification that I'm going out from some other airport,['American Airlines'],['American Airlines']
US Airways so you're not honoring miles with @united that were traveled last year?,"['United Airlines', 'US Airways']","['US Airways', 'United Airlines']"
American Airlines narrowly made standby...lots of snags this trip!,['American Airlines'],['American Airlines']
@SouthwestAir lets chat about flights to and from BWI and the Carolina area... Can a girl get break? I've had to resort to USAir üòñ 2 a day?!,['Southwest Airlines'],"['US Airways', 'Southwest Airlines']"
USAirways @AmericanAir stranded in cold Texas and getting sick because you overbooked the flight and gave my seat away. #gooutofbusiness,"['American Airlines', 'US Airways']","['US Airways', 'American Airlines']"
@SouthwestAir that's bull. Once you add a fare to the cart you should be locked in. I made it all the way to PayPal.,['Southwest Airlines'],['Southwest Airlines']
USAirways thanks for overFlight Booking Problems first class and automatically downgrading my upgrade 3 min before boarding. #ffstatusdontmatter #thenewaa,['US Airways'],['American Airlines']
SouthwestAir couldn't be bothered to help with my lost my luggage. Not a single helpful employee owner to be found in BWI.,['Southwest Airlines'],['Southwest Airlines']
American Airlines @tcunningham10 please call us back to rebook. 7403607771 we can't through!!!!! We need to get to columbus!!!!,['American Airlines'],['American Airlines']
American Air I really wanted to sign up for your airline credit card but your absurd $400 change fee to switch my flight made me think twice,['American Airlines'],['American Airlines']
"@USAirways had a horrible experience flying from Montego Bay to Philadelphia on 2/11. $125 2check a golf bag, constant selling in-flight",['US Airways'],['US Airways']
US Airways the American Eagle plane you're using for CLT to RDU is disgusting! You should be ashamed! #disgusting #ew http://t.co/B4xhiRuGzV,['US Airways'],"['US Airways', 'American Eagle']"
"@SouthwestAir I, along with other passengers repeatedly asked Southwest personnel what was taking so long, where was our luggage.",['Southwest Airlines'],['Southwest Airlines']
Virgin America seats in Row 8 don't recline should mention that on your website #soreback,['Virgin America'],['Virgin America']
SouthwestAir Since when did it become ok for a passenger to save 3 rows of seats for people with a Late Flightr boarding position?how rude!,['Southwest Airlines'],['Southwest Airlines']
Southwest Airlines I would like to ask that his bags be picked up at PIT &amp; taken to his hotel by the airport. Will someone contact me,['Southwest Airlines'],['Southwest Airlines']
JetBlue Airways you really should be more proactive with passengers when you know the entertainment system isn't working. At least let me get a mag,['JetBlue Airways'],['JetBlue Airways']
"United Airlines $25 United coupon to make up for broken entertainment system on a 9-hour flight, seriously? #Ridiculousness #learncustomerservice",['United Airlines'],['United Airlines']
@united But they are not... lady one phone says its in tel aviv. Tel Aviv united says its in Newark. No one knows and I have nothing...,['United Airlines'],['United Airlines']
"@united is the biggest joke of a company,I will never fly with them again! 3 days now waiting for my bag, they don't even know where it is!",['United Airlines'],['United Airlines']
SouthwestAir My luggage has still not been found. Luggage is not scanned until final destination. So no way of knowing where it is!,['Southwest Airlines'],['Southwest Airlines']
"United Air tried other flight options as per weblink, non available for next 2 days, frustrating #notgoodenough #poorservice",['United Airlines'],['United Airlines']
"@SouthwestAir why would I want to when the last time I did, you screwed me out of my early boarding that I PAID FOR.",['Southwest Airlines'],['Southwest Airlines']
American Air this might look good but the pita is inedible. Last year delicious shrimp cocktail. This year garbage http://t.co/Sotl8XQsrp,['American Airlines'],['American Airlines']
AmericanAir it wasn't really about the delay. It was more about being told the engine needed to be troubleshot.  Makes a person paranoid.,['American Airlines'],['American Airlines']
United Airlines I was. But I have given up.,['United Airlines'],['United Airlines']
@USAirways waited for 3 hours NO LUGGAGE line too long left airport when flight Cancelled Flighted WHERE does luggage GO? On hold for 1 hour so far,['US Airways'],['US Airways']
@USAirways Waiting for my luggage on flight 1923. Is there a delay?,['US Airways'],['US Airways']
Southwest Air I left my iPad on my flight 1831 from ERW to DEN. I opened claim 442998. It has so many memories on it. Plz help get it back.,['Southwest Airlines'],['Southwest Airlines']
USAirways any updates on flight 5202 from ORF to PHL no one at gate...  ;(,['US Airways'],['US Airways']
US Air US Airways website. So you double charge people when they book flights now? Apparently you have but I've never been booked twice,['US Airways'],['US Airways']
AmericanAir misplaced my bag 36 hr ago and can't tell me where it is. I've lost $1000 of stuff :( #AmericanAirlines #unamericanairlines,['American Airlines'],['American Airlines']
@USAirways really???  NOT ONE OF THEM CAN BOOK DIVIDEND MILES TRAVEL - Literally on hold now since 9:50pm - it's 11:30pm #NoExcuses,['US Airways'],['US Airways']
"VirginAmerica moved my seat with no notice. ""Better seat"" is cabin select not behind the row I selectedüëé #DISAPPOINTED",['Virgin America'],['Virgin America']
"@USAirways if a passenger is to large to put down the armrest and now is using part of my seat, what is my recourse?  #nothappy",['US Airways'],['US Airways']
"@united your website is fucked up. Now instead of a $416 flight I should‚Äôve had yesterday, it‚Äôs $514 today. Thanks.",['United Airlines'],['United Airlines']
AmericanAir this delayed bag was for my friend Lisa Pafe. She got her bag after 3 days in Costa Rica. Issue no updates on your system.,['American Airlines'],['American Airlines']
@USAirways: I experienced what defines customer service on #FLT1999. A flight attendant willing to follow up with a passenger on bag charges,['US Airways'],['US Airways']
@United give me a direct number I can call regarding my lost baggage immediately.,['United Airlines'],['United Airlines']
United Airlines not my luggage,['United Airlines'],['United Airlines']
@USAirways @CLTDouglas slowest baggage claim ever,['US Airways'],['US Airways']
@united @staralliance how can I book reward travel in August?? Everything is blacked out.,['United Airlines'],"['United Airlines', 'Star Alliance']"
"JetBlue Airways Clients got ZERO, in 32 years career never thought this was possible.2 suitcases worth thousands of $$ in Italian clothing robbed.",['JetBlue Airways'],['JetBlue Airways']
SouthwestAir my first flight ever and flight #4251 is already having technical issues. Faaaannntastic.üò≠,['Southwest Airlines'],['Southwest Airlines']
United Air but we are on All Nippon now (booked by United to replace the one we missed).,['United Airlines'],"['All Nippon Airways', 'United Airlines']"
VirginAmerica had to change to another airline to get to DC today ... Why is United able to land in DC but not you? Cost me $800 ...ugh,"['United Airlines', 'Virgin America']","['United Airlines', 'Virgin America']"
"@united, no. Re-booked with American and United said they'd transfer our bags to them.",['United Airlines'],"['American Airlines', 'United Airlines']"
AmericanAir Please REPLY!  How do you mess up my rebook TWICE???,['American Airlines'],['American Airlines']
@united how come the crew traveling on the flight gets a better seat and I get stuck checking my bag and the crews bag got on the flight.,['United Airlines'],['United Airlines']
JetBlue Airways I appreciate the quick response but how can no one go outside to check temp so we can leave in BUF #currentlysittingontarmac,['JetBlue Airways'],['JetBlue Airways']
United I'm not know if the seats are actually narrower than other seats but they feel like it. Or maybe I'm extra bloated.,['United Airlines'],['United Airlines']
United Air my PQMs and PQDs are no longer showing up correctly in my MileagePlus acct. How can I get this fixed?,['United Airlines'],['United Airlines']
VirginAmerica I am in seat 4C and I cannot even open my laptop; and I paid extra for this seat!!,['Virgin America'],['Virgin America']
US Airways yet again your staff in Philadelphia  failed to send my luggage home with me. #alwayshappensthere #angrytraveler,['US Airways'],['US Airways']
United Airlines Ugh.  My bags were sent to Palm Springs and not to LAX as promised.  They better be at the hotel when I get there.,['United Airlines'],['United Airlines']
@USAirways @hhagerty that's a lie.,['US Airways'],['US Airways']
JetBlue Airways just wondering if the website is having issues today. Trying to book a flight with my visa I always use and its rejecting it.,['JetBlue Airways'],['JetBlue Airways']
@JetBlue what's up with the broken tv in seat 6F on flight 1818 today? Planned to catch the @cavs game!!! Nooooo,['JetBlue Airways'],['JetBlue']
AmericanAir an hour at baggage carousel and still no luggage?? Nail in the coffin.,['American Airlines'],['American Airlines']
United I can't find any Late Flight evening flights. Are there other airports that would have an overnight flight?,['United Airlines'],['United Airlines']
Virgin America why don't any of the pairings include red wine?! Only white is offered :( #redwineisbetter,['Virgin America'],['Virgin America']
@united nope. Really. No window at all for 10A. 10F has one. 8 and 11 has one. None for 10A. So sad...,['United Airlines'],['United Airlines']
"American Airlines I paid using Paypal online and after I was charged there was a ""System Error"" which is what I ended up calling about.",['American Airlines'],['American Airlines']
JetBlue Airways Why was flight 669 forced to return to NY when there was a malfunction? Why not land in the countless air strips surrounding Chi?,['JetBlue Airways'],['JetBlue Airways']
United Airlines wonderful bag claim people - finally have my bag. But why did I catch earlier flight? Original flight just landed. #wastedtime,['United Airlines'],['United Airlines']
"@AmericanAir I didn't want to Cancelled Flight, I wanted to take someone off and keep my price. Held at 402, at 10am today 440, now 530",['American Airlines'],['American Airlines']
"@united but if i tweet the ID number, won't that reveal my home address to anyone on the web?",['United Airlines'],['United Airlines']
@united Filled out at the airport as part of a long day made longer.,['United Airlines'],['United Airlines']
US Air Flight gets in 30 minutes early and all goodwill gone when bags aren't here 45 minutes Late Flightr,['US Airways'],['US Airways']
"Wanted to get my bag benefit, but instead get $25 pricing on all three tickets. When adding a card, MP Visa is only option. United Air",['United Airlines'],['United Airlines']
Southwest Air  this is really unhelpful. Why can't I rebook online? http://t.co/N5O43sVl8i,['Southwest Airlines'],['Southwest Airlines']
"American Airlines lost my cats, missed their flights, kept them crated 30 hrs for a  would-be 5 hr trip. You'll never touch my pets again.",['American Airlines'],['American Airlines']
JetBlue #poorservice #poorcommunication #waitingsince 10:51 for bags frm flight 424!!! #jetblue,['JetBlue Airways'],['JetBlue']
US Air cardholder is flying.  We both have us airways and advantage cards which is more frustrating.,['US Airways'],"['US Airways', 'American Airlines']"
@USAirways you guys Cancelled Flightled two of my flights yesterday and I checked the bag to Huntsville and it went missing in Philly.,['US Airways'],['US Airways']
United I'd rather spend two days in the back seat of a Volkswagen than two hours on your plane! #disgruntled #whatacluster,['United Airlines'],['United Airlines']
@SouthwestAir been on hold to rebook a flight to CMH for 1.5 hrs. Your rebook website is crashed.,['Southwest Airlines'],['Southwest Airlines']
"SouthwestAir used to exclusively fly SW, but Late Flightly, direct flights &amp; cheaper costs have me switched. üòî why...so... few...direct...flights?",['Southwest Airlines'],['Southwest Airlines']
@SouthwestAir sure did. Also read on there that Southwest doesn't believe it is liable for the incident. How is it my fault that SW lost it?,['Southwest Airlines'],['Southwest Airlines']
US Air cannot add my frequent flyer number on your website.  Can you help?,['US Airways'],['US Airways']
"US Air Forget reservations. Thank you to the great leadership at your company, I've Cancelled Flighted my flight. Once again, thank you.",['US Airways'],['US Airways']
"@united UA1130 Flight was a nightmare!! From poor customer service,having my confirmed seat given away.... +more issues",['United Airlines'],['United Airlines']
"@united I log in, view reservations, try view specific reservation &amp; takes me back to login page,",['United Airlines'],['United Airlines']
American Airlines they were no where to be found at Midnight Last Night! I would think the agent in LAX could have relayed that info.Bag on flt,['American Airlines'],['American Airlines']
Virgin America soooo are you guys going to leave the seatbelt light on all flight? You can barely call this turbulence :-),['Virgin America'],['Virgin America']
"American Air confused at the definition of a ""preferred seat."" I paid extra for one and got a regular seat with no legroom. Unimpressed.",['American Airlines'],['American Airlines']
United Air Trying to change a flight booked just 6 hours ago but online system is charging me $200 fee per passenger... could you please help?,['United Airlines'],['United Airlines']
American Air @emeyerson @ggreenwald Don't wait on a bag. Go to Walmart and get what you need for tomorrow morning.,['American Airlines'],['American Airlines']
US Airways you call this a window seat? #airbus321seat14Fproblems http://t.co/ZKOE6clGiU,['US Airways'],['US Airways']
"United Airlines 2 hour flight from FLL to Ewr, 1242, now waiting 1 hour plus for bags, no sign yet. What gives????",['United Airlines'],['United Airlines']
"@united if the car seat is lost @united should just reimburse me for a new one, this is not a pair of shoes, it's a necessity for my child",['United Airlines'],['United Airlines']
SouthwestAir I can't begin to tell you how slow my plane's wifi is. I can't even pull up an email.  What am i paying $8 for??,['Southwest Airlines'],['Southwest Airlines']
US Air There isn't a ticket number...the transaction is still pending.,['US Airways'],['US Airways']
United was trying to change a flight online but got an error can you help via DM?,['United Airlines'],['United Airlines']
"AmericanAir the original receipt lists my flight cost as $89ish, and doesn't reflect the use of a voucher",['American Airlines'],['American Airlines']
United the new seats on the Canadaair regional jets just plain suck.,['United Airlines'],['United Airlines']
USAirways @ClaudOakeshott how about a link that works pls Nothing but complete frustration w usair last 12 hrs,['US Airways'],['US Airways']
"SouthwestAir it's not disappointment, it's a blatant disregard for your business select customers, it's becoming a problem that's pushing",['Southwest Airlines'],['Southwest Airlines']
United your airline has been telling me that my luggage is one hour away from my destination for 5 days!,['United Airlines'],['United Airlines']
AmericanAir is it right to provide faulty seats on flights plus damage a $350 bag and not replace and shrug the damage off? Flights from...,['American Airlines'],['American Airlines']
@AmericanAir it's not a friend it's a legally required chaperone on a school trip.,['American Airlines'],['American Airlines']
"Southwest Airlines VERY frustrated. Saw seats avail. online for pref alt. flight, unable to book online, lost those seats during &gt;2 hr phone hold",['Southwest Airlines'],['Southwest Airlines']
JetBlue just please get my luggage from #2070 onto carousel 5 / Logan Airport and I'll be able to go home!,['JetBlue Airways'],['JetBlue']
@united Item (not mine) mysteriously ended up in my checked bag after a #EWR to #YOW flight.  Missing a black box? http://t.co/SJQEmDtQmA,['United Airlines'],['United Airlines']
"@AmericanAir No. Had to Cancelled Flight my trip. Instead of a $25 future trip voucher, a $25 drink coupon would've been better! #WakingInMemphis",['American Airlines'],['American Airlines']
"United Not sure what happened @ MSP yesterday, but VERY UNHAPPY my bag was not only delayed, but sat at MSP for 8 hrs b4 delivery @ 2:30 am",['United Airlines'],['United Airlines']
USAirways your lack of customer service has shined. I need you to step up and get my lost baggage to delta. So they can return it to me.,['US Airways'],"['US Airways', 'Delta']"
"USAirways it MIGHT have went through. No confirmation. ""Please wait"" then same form.",['US Airways'],['US Airways']
@united Booked a flight home over 7 months ago and requested seats together for my fianc√©e and I. We got 2 middle seats. UNACCEPTABLE. The,['United Airlines'],['United Airlines']
United Air hello I am flying first class and am behind 20 people on zone 1!!!!!  Pls pass on to app dept - you should board 1st class first,['United Airlines'],['United Airlines']
"USAirways I can't even use my return flight home because the change fees you charge are too expensive, forcing me to purchase a new ticket.",['US Airways'],['US Airways']
"United Airlines 1st u delay my flight for mechanical failure,then 2 hrs on the runway, &amp; 13 hrs Late Flightr I'm still here with a lost bag &amp; no resolution",['United Airlines'],['United Airlines']
@VirginAmerica Just DM'd. Same issue persisting.,['Virgin America'],['Virgin America']
USAirways flight 645 to Phoenix deboards passengers going to Salt Lake City because they can't resolve a simple bathroom issue. #fail,['US Airways'],['US Airways']
@united I don't need to make any changes. I reserved my seats when I bought my tickets and there was an error &amp; now there are no comp seats,['United Airlines'],['United Airlines']
SouthwestAir and now no wifi??? Come on.,['Southwest Airlines'],['Southwest Airlines']
AmericanAir please fix your mobile and desktop site to allow Canadians to select a passenger when checking in. Thanks.,['American Airlines'],['American Airlines']
US Air I tried reaching out to you guys I'm running out time and patience I just want my flight to be honor and I want a confirmation!,['US Airways'],['US Airways']
United Air how do you lose a gate checked bag DEN to ORD? Direct flight. Ugh.,['United Airlines'],['United Airlines']
"American Air yes it is in Dulles and I need it delivered to the Embassy Suites in Herndon, VA. I'm still in Chicago from the fiasco in LAX",['American Airlines'],"['LAX', 'American Airlines']"
".JetBlue Navigating through 2 rebooks due to flu &amp; ice to visit my Mother.  Your CS reps have been so very helpful, patient and friendly.",['JetBlue Airways'],['JetBlue']
"@SouthwestAir Redeem-points packages magically gone by time we finally got through @ 10:01, felt like #baitandswitch",['Southwest Airlines'],['Southwest Airlines']
"USAirways usually ""sorry"" doesn't involve moving people to middle seats and removing them from upgrade lists. Guess that's a club perk.",['US Airways'],['US Airways']
United Air - Thanks. Formed submitted. I'm not betting someone would be honest enough to turn it in though...,['United Airlines'],['United Airlines']
"United tag numbers 0016 964012, 0016 964077, 0016 964078 - let's find these bags.",['United Airlines'],['United Airlines']
@USAirways if you DM me we can take this offline. Would love more info on location of lost bags. Any help is appreciated.,['US Airways'],['US Airways']
American Airlines WHERE IS MY BAG?!?!?!,['American Airlines'],['American Airlines']
"USAirways tell them to get on that, please.",['US Airways'],['US Airways']
"US Airways : Was on flight 2046 BOS-CLT on 2/22, awful experience, exit row seat was so narrow that I could not move my legs! Unacceptable.",['US Airways'],['US Airways']
@SouthwestAir LOST Kay Chapman Designs art-luggage for important show. Won't help locate it. Terrible customer service.,['Southwest Airlines'],['Southwest Airlines']
@USAirways Another dead end.  They only handle AA L&amp;F.  They gave me the same failed # I already had. 610-362-7498(99) VM full.  #lost,['US Airways'],"['US Airways', 'American Airlines']"
JetBlue Airways ive tried on my phone and laptop :(,['JetBlue Airways'],['JetBlue Airways']
United Air you are easily the worst company I have ever experienced. You have lost someone's personal possessions &amp; you couldn't care less!....,['United Airlines'],['United Airlines']
"JetBlue Airways well, we're on our way now, but more than half my tv channels are just static. üòî",['JetBlue Airways'],['JetBlue Airways']
"United Air Your baggage tracking system is worthless! It tells me nothing about where the bag is, much less what your plans are to get it to me",['United Airlines'],['United Airlines']
Southwest Airlines My husband a first time flyer with you has had the worst experience on board a aircraft just a few minutes ago.,['Southwest Airlines'],['Southwest Airlines']
"United agent Rick Clifton in SEA-HOU , told him my father is dying and needed to get my handbag on the cabin. he did nothing #shameful",['United Airlines'],['United Airlines']
JetBlue Airways I'm on flt 700 lax to FLL both ppl are sleeping so Id rather not disturb in flight. Tried to dl movie no go http://t.co/Nh2i9ZlzMk,['JetBlue Airways'],['JetBlue Airways']
"American Airlines Where are your tickets offices in Boston? Impossible to book by phone or use vouchers on website, what a headache. PLEASE HELP!",['American Airlines'],['American Airlines']
United Air updated A320 aircraft has wifi and device entertainment but no outlets. I don't get it. How can I charge devices?,['United Airlines'],['United Airlines']
"United Air working with Lisa J at ORD. she's working hard for us, but this is still VERY disappointing. was on 634 to EWR.",['United Airlines'],['United Airlines']
"JetBlue Airways @amybruni No wifi on this flight so we can't tweet you our Oscar party pics at 37,000ft. #bluecarpet :-( SEA‚úàÔ∏èBOS",['JetBlue Airways'],['JetBlue Airways']
USAirways  you took the miles out of my account and told me that I could restore by paying $150 or opening a credit card,['US Airways'],['US Airways']
United Air I would appreciate a response regarding the pressurization failure on flight 1109. You seem to be responding to less serious issues,['United Airlines'],['United Airlines']
US Air Thx for responding :) When bags came there was mad rush towards end of jetway‚Äîwhy not just put thru baggage claim?,['US Airways'],['US Airways']
@JetBlue everyone is here but our pilots are no where to be found and my last flight the plane was dirty that I had to clean my area &amp; seat!,['JetBlue Airways'],['JetBlue']
"United Air Well, to the degree that he could... Just to know, after this experience I'm Cancelled Flighting my miles card. Thank god for Delta Airlines","['United Airlines', 'Delta Air Lines']","['United Airlines', 'Delta Airlines']"
United Airlines just DM'd,['United Airlines'],['United Airlines']
"United Air I have tried and you have failed. Still no wifi ever, last row in the middle and I fly every week. Thanks for nothing.",['United Airlines'],['United Airlines']
United - terrible experience on UA415 on 17th. 1st exit row in economy has zero legroom. Have same row booked for return but can't change.,['United Airlines'],['United Airlines']
US Air pretty upset I drove from Philly to MHtT still no info on my bags. What's the deal!,['US Airways'],['US Airways']
US Airways on hold for 2+ hours.. Can I book using a Take Flight voucher online??,['US Airways'],['US Airways']
"@AmericanAir you think I haven't tried that multiple times?? The ""status"" of my bag is that it should've been here YESTERDAY. So disgusted.",['American Airlines'],['American Airlines']
@JetBlue I'd fly to an airline who actually gave a crap about its fliers outside of generic apologies. Jet Blue is terrible #jetblue,['JetBlue Airways'],['JetBlue']
United Air The flight turned around for mechanical reasons on 1/30/15.  Never to fly United again as they don't check their planes properly.,['United Airlines'],['United Airlines']
VirginAmerica why can't we book seats on your flights when we buy them or even during check in? Creates so much anxiety! #frustrated,['Virgin America'],['Virgin America']
US Air You landed me at #BWI instead of @Reagan_Airport  and have no plans for me to make it home to DC. How do you suggest I get home?,['US Airways'],['US Airways']
@JetBlue service for baggage at JFK is incomprehensible. No employee knows where our luggage is frM flight 424 LAX to NYC ITS AN HR WAIT NOW,['JetBlue Airways'],['JetBlue']
SouthwestAir we have to stay in Chicago overnight and meet up with our bags there. I hope they stay put and don't get put on a flight.,['Southwest Airlines'],['Southwest Airlines']
@united are the miles going to be restructured? Help a silver status brotha out! I thought I was winning with you guys until today lol,['United Airlines'],['United Airlines']
AmericanAir my understanding is they were able and did for many other flights but chose not to for this one.,['American Airlines'],['American Airlines']
@SouthwestAir belt issues. Been a rough day for them. Worst part is traveling with 9 month old and having to wait outside in 85 degree,['Southwest Airlines'],['Southwest Airlines']
"United Air booked flight in sept to get best price for April to usa, checked now and they are ‚Ç¨67 cheaper, what a con unhappy customer #ripoff",['United Airlines'],['United Airlines']
US Air I hope so. Last I spoke to the baggage team... they weren't sure what city my bag was in.,['US Airways'],['US Airways']
@USAirways if ur going 2 charge $20 for wi-fi make sure it works. #Brutal #DialUp b a 100 by the time things load. #TheEnd #GoodDay,['US Airways'],['US Airways']
@united Yes. Did file a claim as soon as the carousel stopped without my bag on it. Got an email that its found but not sched for delivery,['United Airlines'],['United Airlines']
@AmericanAir it was my friend. She shouldn't have been scheduled so close together at LAX then not reimbursed. It's costing her 12 hrs &amp;$250,['American Airlines'],['American Airlines']
@USAirways great job today In ruining 45 people's vacation. Thanks to your incompetent pilot and staff we have all now missed our flights,['US Airways'],['US Airways']
United Can you increase the legroom? : How airlines compare http://t.co/diUfep8n2q via @CNNMoney,['United Airlines'],['United Airlines']
@united I usually like flying with you guys but $200 fee to use my credit seems ridiculous #notcool #exhorbitantfees,['United Airlines'],['United Airlines']
United Airlines you can read the full story when I submit a case to your team about the pilot of flight 6232 and why we are sleeping in DIA,['United Airlines'],['United Airlines']
United Air Flight 683 last night was #bad4business. Will be a long time before I recommend United to anyone.,['United Airlines'],['United Airlines']
American Air what are the odds my bag was picked up by someone not me while in another country? Because it says it hasn't been located yet.,['American Airlines'],['American Airlines']
"United I am a frequent user. Congrats u only lost my bags once in 20 years. Problem, it was today and your staff were rude!üò¢ still no bag!",['United Airlines'],['United Airlines']
"US Air to CLT from JFK nasty planes, dirty seats &amp; floors, rude flight attendants- hopefully AA can get you cleaned up #disgusting #vile",['US Airways'],"['US Airways', 'American Airlines']"
@AmericanAir Can you add my KTN to an existing reservation? It's not letting me add it online....,['American Airlines'],['American Airlines']
"AmericanAir I was on flt 2222 tomorrow, they moved me to 750. I need it moved to Tuesday. the roads won't be better for flight 750. thanks",['American Airlines'],['American Airlines']
Jet Blue Walked down the hall to Carousel 8...found all bags sitting there. Still no words from crew...signage still not updated,['JetBlue Airways'],['JetBlue']
"American Air that's why I'm asking for exception. Staffer moving last minute,we're a nonprofit &amp; losing $400,we just want to change ticket.",['American Airlines'],['American Airlines']
@SouthwestAir Did yall get rid of the Austin to Cabo flights all together? There's zero non-stop in Aug and Sept,['Southwest Airlines'],['Southwest Airlines']
American Air rebooked into a different airport. Throwing a wrench into plans üëÄ,['American Airlines'],['American Airlines']
Southwest Air lost bag on flight to Vegas. Now to El Paso. Going to Dallas love. Gate attendant said see if can coordinate to get it to Love,['Southwest Airlines'],['Southwest Airlines']
"American Air can lie to you about where your lost bag is, but we are suppose to trust them with our lives thousands of feet in the air...",['American Airlines'],['American Airlines']
"AmericanAir @naomi_cooper Are you out of your mind, AA? What is the point of this Twitter acct? Form letters in 140 characters or less?",['American Airlines'],['American Airlines']
United Air ticket counter Masters out of SMF not very helpful.,['United Airlines'],['United Airlines']
"JetBlue Airways hey JetBlue.  Still waiting to hear where you lost my 9'8"" surfboard between JFK and BQN airports.",['JetBlue Airways'],['JetBlue Airways']
"@USAirways take a look at 1715. All F seats filled, so someone upgraded their friend instead of following rules.",['US Airways'],['US Airways']
AmericanAir I tried to book a rwrd and was told I couldnt. Bought tix on USAir (now AA-no choice) didn't bother to + AAdv# with this svc...,['American Airlines'],"['US Airways', 'American Airlines']"
@AmericanAir Can care less if youre without your bags for a day or a week! Ive been 3 stories in the last 3 hours...I WANT MY BAG!,['American Airlines'],['American Airlines']
United the least you could do is offer me a ticket in coach instead of just Cancelled Flighting my reservation because of your glitch!!! #notfair,['United Airlines'],['United Airlines']
@united this is despicable I spoke to  many diff people &amp; everyone is telling me something different I have a claim no. I need my bag now,['United Airlines'],['United Airlines']
"American Airlines It's our honeymoon,I paid extra business. I was sitting next to my bride, you bumped me because of status. Disgusted",['American Airlines'],['American Airlines']
Southwest Air Twitter says I can't DM someone unless they follow me.  Can Southwest Air follows my twitter? thanks you.,['Southwest Airlines'],['Southwest Airlines']
JetBlue the TV. Wifi was spotty. It's just a nice feature for a X country flight. Still won't keep us away #lovejetblue,['JetBlue Airways'],['JetBlue']
United Air where is our luggage,['United Airlines'],['United Airlines']
United anyone awake? Paying for wifi on iPhone when need to be using it on laptop. Logout option for wifi in flight? Time is wasting!,['United Airlines'],['United Airlines']
"@united broken light, 35 mins to get bridge to gate, airplane parked wrong , bathroom not emptied last night....your airline in last 3 hrs",['United Airlines'],['United Airlines']
AmericanAir After 3 days NO BAGs amazing the way that you neglect customers,['American Airlines'],['American Airlines']
"JetBlue pls find my bag, I need 2 get home! Very frustrating. Hope my bag is somewhere in @NY_NJairports. Leaving the #jfk w/o my luggage.",['JetBlue Airways'],['JetBlue']
United why the hell do my miles expire? Was really looking forward to accruing enough for a free flight in 10 years.,['United Airlines'],['United Airlines']
United I have sent a message with a bag tag. Have you looked?,['United Airlines'],['United Airlines']
American Airlines hey! I have a name issue on my reservation can you help?,['American Airlines'],['American Airlines']
United Air it's 430am and wife still doesn't have her luggage which was promised by 8pm and said to be on its way File number: DCA48810M #Fail,['United Airlines'],['United Airlines']
"US Air HELP! It says ""the payment is denied"" but my money has been taken out of my bank?    And it says I have no trips coming up??",['US Airways'],['US Airways']
@USAirways @PHLAirport how can a plane scheduled to come in on time and actually happen. Then you bozos don't have any room us. #incompetent,['US Airways'],['US Airways']
Southwest Air boarded plane only to be told to get off as it wasn't our plane. Now an hour delay. üò≠üò≠,['Southwest Airlines'],['Southwest Airlines']
United Not encouraged that I'll have my CPAP tonight.,['United Airlines'],['United Airlines']
USAirways I've been on hold for over an hour only b/c my CC miles aren't showing up. What a mediocre combo of cc &amp; airline #SwitchingBoth,['US Airways'],['US Airways']
JetBlue Airways flying to Denver March 1st and my flight itenary keeps getting changed what the heck...booked the trip 3 months ago,['JetBlue Airways'],['JetBlue Airways']
"United ..back for the expensive holiday, he worked all year to pay for, that you RUINED! We want compensation &amp; his original case back!",['United Airlines'],['United Airlines']
@SouthwestAir We have been waiting for almost 3 hours trying to rebook flights. PLEASE help us get through to someone.,['Southwest Airlines'],['Southwest Airlines']
@AmericanAir leave our luggage in the baggage claim without any previous information! That's not the deal!! http://t.co/oTTy5rYMzD,['American Airlines'],['American Airlines']
American Air How can I get a flight change while in the air? Delays causing a missed connection again. There is 1 seat for Late Flightr,['American Airlines'],['American Airlines']
"@AmericanAir delivered mom's delayed bag to the wrong place. 2 hrs on hold yesterday, &gt;1 hr today. Still no bag. #AA http://t.co/QKkJdFObOS",['American Airlines'],['American Airlines']
Southwest Air what about for us that cant get to the states they are playing for the hunt? Any DestinationDragons tickets left?Even just one,['Southwest Airlines'],['Southwest Airlines']
@AmericanAir fortunately the window seat was a no-show. Able to scoot over and create space.,['American Airlines'],['American Airlines']
United Air So what does someone with severe anxiety do when the one person who can help him isn't next to him?,['United Airlines'],['United Airlines']
JetBlue Airways can't change it. True blue points and I can't get to a phone,['JetBlue Airways'],['JetBlue Airways']
United Airlines of course. But interesting how United doesn't seem to have a good sense on what's happening with flight,['United Airlines'],['United Airlines']
USAirways You will be hearing a lot more from me instead of your feedback when I get back home.,['US Airways'],['US Airways']
@united fyi the site/app still shows plenty of the unavailable flights I had errors with. Almost 24 hrs after sellout. Flying @AmericanAir,"['United Airlines', 'American Airlines']","['American Airlines', 'United Airlines']"
@AmericanAir Flight Cancelled Flighted and rebooked but agent made a mistake and booked wrong date! Been trying to get through via phone for hours!!,['American Airlines'],['American Airlines']
@USAirways 2day: no coffee &amp; 1 working toilet.  Then I read domestic airlines whining re: foreign competition.  Coincidence?  No  #openskies,['US Airways'],['US Airways']
US Airways you have the ability to switch my flight to American Air but you cannot tell me where my bags are.,"['American Airlines', 'US Airways']","['US Airways', 'American Airlines']"
US Air I called the BTV desk; they had more information - so it exists.  Your systems don't make it easy for the customer to access it.,['US Airways'],['US Airways']
"@USAirways Wow! Your miles program is Ripoff,Quick ticket fee 75$ I hope you all end up on unemployment.",['US Airways'],['US Airways']
United Airlines what is going on with baggage claim in Newark!#tiredandwanttogohome,['United Airlines'],['United Airlines']
@USAirways Huge system problems at DCA.Manual check in; flight boarded but sitting at gate due to system issues. Frustrated Chairman member,['US Airways'],['US Airways']
United just flew to #TelAviv paid $100 from a third suitcase which didn't even make it on the plane! Besides for the impolite service...,['United Airlines'],['United Airlines']
"@AmericanAir and how is this not a mechanical issue? All evidence points to the idea that it‚Äôs the ILS at CLL at fault, not the weather.",['American Airlines'],['American Airlines']
United that is not in line with your responses here. And now I'm waiting until tomorrow morning because all the flights are overbooked.,['United Airlines'],['United Airlines']
"United if you're listening, why are you the lowest provider of inflight wifi? Get with the times!",['United Airlines'],['United Airlines']
@AmericanAir just wow Regina just told me I can't file or request a lost bag statement until I finish my travel.  So until I get to DC argg,['American Airlines'],['American Airlines']
"Southwest Air MY BAGS ARE. 1st woman said it would be there on the next flight... not there, so now Ive got nothing. Big wigs help me out",['Southwest Airlines'],['Southwest Airlines']
.US Airways I guess from now on I should take my chances &amp; keep the $50 for the courtesy free because it seems cabin is always full.,['US Airways'],['US Airways']
"United: I don't care that a @thehipmunk link showed me a ""wrong"" price on your site‚Äîit's your site &amp; responsibility to ensure correctness.",['United Airlines'],['United Airlines']
United Airlines I bought a ticket yesterday and received a confirmation. Tried to check in and they said I hadn't paid for it. So I called was on,['United Airlines'],['United Airlines']
@USAirways thanks for a subpar travel experience and it's not even over yet #stepitup,['US Airways'],['US Airways']
@USAirways waiting for bags now over 25min in Phl bag claim!,['US Airways'],['US Airways']
United 8h flight without a working screen for me and my friend and not possible to move to another place #unitedfails#worsttripofmylife,['United Airlines'],['United Airlines']
USAirways I‚Äôll do that in addition to reviewing on my blog. Your agents were pleasant but the experience was less than :/,['US Airways'],['US Airways']
United an over booked flight to start with and a red eye from lax to bos with no reclining seat.... #lastflightwithyouever,['United Airlines'],['United Airlines']
@united is the worst. Nonrefundable First class tickets? Oh because when you select Global/FC their system auto selects economy w/upgrade.,['United Airlines'],['United Airlines']
SouthwestAir baggage claim has already changed 2x...most recent had 3 bags come out and then stop...claim team has no idea what's going on,['Southwest Airlines'],['Southwest Airlines']
"United Airlines Flight is awful only one lavatory functioning, and people lining up, bumping, etc. because can't use 1st class bathroom. Ridiculous",['United Airlines'],['United Airlines']
American Air 1hr 46 min. Cost of flight change $788. Was $188 2hrs ago b/f drop call. Cancelled Flighted flight. Asked 4 refund.,['American Airlines'],['American Airlines']
"@AmericanAir bag turned up, no thanks to your useless call-centre and useless website",['American Airlines'],['American Airlines']
"United Air wasn't trying to Cancelled Flight, just trying to change my award ticket, same date and place, but thanks for sending the link, I know the fee",['United Airlines'],['United Airlines']
@united 45 minutes after arrival and no bags for most people. UA469 from den to ewr. How long should we wait until a ual rep comes here?,['United Airlines'],['United Airlines']
United I'm not booked on a 1:30 return flight..,['United Airlines'],['United Airlines']
"American Air need assistance. very frustrated I can't reach reservations by phone. trying to book online &amp; get ""fare no longer avail"" msg",['American Airlines'],['American Airlines']
@Jetblue  I will keep on tweeting until your CEO answers and personally apologizes to my wife and the passengers of flight 136. Just Wrong!!,[],['JetBlue']
"USAirways Wife and I flew to Italy recently. Bought tickets via Finnair, flights operated by USAir. Didn't get dividend miles credited.",['US Airways'],"['US Airways', 'Finnair']"
"United Air It wasn't full, I had plenty of time to go to the gate and check, plus with my status I should have gotten on!?!",['United Airlines'],['United Airlines']
United Air thanks United I understand that. But he would actually like his own bag back! What have you done with it?! He also wants the money..,['United Airlines'],['United Airlines']
"United I tried the online tracking and they said something like ""attempting to locate luggage""",['United Airlines'],['United Airlines']
@united yes I have,['United Airlines'],['United Airlines']
"@SouthwestAir well, it was fun while it lasted. Not happy about the change to redeeming reward points. Won't be loyal anymore.",['Southwest Airlines'],['Southwest Airlines']
